{
  "eslint.config.js": 1776855915.9168656,
  "seedFirestore.mjs": 1776958910.9258263,
  "vite.config.js": 1776855915.9197066,
  "src/App.jsx": 1776957905.2613728,
  "src/main.jsx": 1776855915.9194322,
  "src/app/store.js": 1776855915.9182308,
  "src/components/MessageCard.jsx": 1776855915.9190118,
  "src/components/MessageList.jsx": 1776855915.9190118,
  "src/components/MessageForm.jsx": 1776855915.9190118,
  "src/components/Commitment/AICoachCard.jsx": 1776957920.2459865,
  "src/components/Commitment/CommitmentList.jsx": 1776855915.9185693,
  "src/components/Commitment/CommitmentCard.jsx": 1776957905.26194,
  "src/components/Commitment/JudgmentModal.jsx": 1776855915.9185693,
  "src/components/Commitment/CommitmentForm.jsx": 1776855915.9185693,
  "src/components/Commitment/ProofCapture.jsx": 1776855915.9185693,
  "src/components/History/HistoryList.jsx": 1776855915.9189444,
  "src/components/Dashboard/StatsComponents.jsx": 1776958924.9516327,
  "src/components/Dashboard/DailyAlertBanner.jsx": 1776855915.9188282,
  "src/components/Layout/Footer.jsx": 1776855915.9190118,
  "src/components/Layout/Header.jsx": 1776957905.2640953,
  "src/services/groqService.js": 1776957920.2481182,
  "src/features/commitments/commitmentsSlice.js": 1776962955.5150156,
  "src/features/stats/statsSlice.js": 1776963106.0278711,
  "src/utils/timeUtils.js": 1776964067.3936687,
  "src/utils/storageUtils.js": 1776855915.9195454,
  "src/firebase/config.js": 1776855915.9192946,
  "src/firebase/leaderboardService.js": 1776957905.2642612,
  "src/firebase/firestoreService.js": 1776937321.6047304,
  "src/pages/DashboardPage.jsx": 1776962953.5101488,
  "src/pages/CommitmentsPage.jsx": 1776957905.2650976,
  "src/pages/CommitmentDetailPage.jsx": 1776958924.9521246,
  "src/pages/AuthPage.jsx": 1776855915.9195454,
  "src/pages/HistoryPage.jsx": 1776855915.9195454,
  "src/pages/CommunityPage.jsx": 1776957905.2654488,
  "src/context/AuthContext.jsx": 1776962948.84546,
  "index.html": 1776855915.9168656,
  "README.md": 1776970546.6489153,
  "src/assets/vite.svg": 1776855915.918409,
  "src/assets/hero.png": 1776855915.9182308,
  "src/assets/react.svg": 1776855915.918409,
  "public/favicon.svg": 1776855915.9181163,
  "public/icons.svg": 1776855915.9181163
}